{"cameraMode":{"drawMode":0,"name":"Shaded","section":"Shading Mode"},"sceneLighting":true,"audioPlay":false,"sceneViewState":{"m_AlwaysRefresh":false,"showFog":true,"showSkybox":true,"showFlares":true,"showImageEffects":false,"showParticleSystems":true,"showVisualEffectGraphs":true,"m_FxEnabled":true},"in2DMode":false,"pivot":{"x":-3.1029491424560549,"y":-3.2438220977783205,"z":-7.056434154510498},"rotation":{"x":-0.053778525441884997,"y":0.9448903799057007,"z":-0.25268682837486269,"w":-0.20109862089157105},"size":8.456501007080079,"orthographic":false}